<metadata xml:lang="en"><Esri><CreaDate>20250429</CreaDate><CreaTime>08070400</CreaTime><ArcGISFormat>1.0</ArcGISFormat><SyncOnce>FALSE</SyncOnce><DataProperties><lineage><Process ToolSource="c:\program files\arcgis\pro\Resources\ArcToolbox\toolboxes\Data Management Tools.tbx\CreateFeatureclass" Date="20250428" Time="125748">CreateFeatureclass "D:\Projects\Albaha BSO Projects\Load Data\BSO_Data v0.3 2025-04-24 UTM37.gdb" regionKSA POLYGON # DISABLED ENABLED "GEOGCS["GCS_WGS_1984",DATUM["D_WGS_1984",SPHEROID["WGS_1984",6378137.0,298.257223563]],PRIMEM["Greenwich",0.0],UNIT["Degree",0.0174532925199433]];-400 -400 1000000000;-100000 10000;-100000 10000;8.98315284119521E-09;0.001;0.001;IsHighPrecision" # # # # "مناطق المملكة العربية السعودية" SAME_AS_TEMPLATE</Process><Process ToolSource="c:\program files\arcgis\pro\Resources\ArcToolbox\toolboxes\Data Management Tools.tbx\UpdateSchema" Date="20250428" Time="125748">UpdateSchema "D:\Projects\Albaha BSO Projects\Load Data\BSO_Data v0.3 2025-04-24 UTM37.gdb\regionKSA" "&lt;operationSequence&gt;&lt;workflow&gt;&lt;AddField&gt;&lt;field_name&gt;regoinId&lt;/field_name&gt;&lt;field_type&gt;TEXT&lt;/field_type&gt;&lt;field_alias&gt;رقم مميز المنطقة&lt;/field_alias&gt;&lt;field_is_nullable&gt;TRUE&lt;/field_is_nullable&gt;&lt;field_length&gt;255&lt;/field_length&gt;&lt;/AddField&gt;&lt;/workflow&gt;&lt;workflow&gt;&lt;AddField&gt;&lt;field_name&gt;regionCode&lt;/field_name&gt;&lt;field_type&gt;TEXT&lt;/field_type&gt;&lt;field_alias&gt;كود المنطقة&lt;/field_alias&gt;&lt;field_is_nullable&gt;TRUE&lt;/field_is_nullable&gt;&lt;field_length&gt;100&lt;/field_length&gt;&lt;/AddField&gt;&lt;/workflow&gt;&lt;workflow&gt;&lt;AddField&gt;&lt;field_name&gt;regionNameAr&lt;/field_name&gt;&lt;field_type&gt;TEXT&lt;/field_type&gt;&lt;field_alias&gt;اسم المنطقة باللغة العربية&lt;/field_alias&gt;&lt;field_is_nullable&gt;TRUE&lt;/field_is_nullable&gt;&lt;field_length&gt;50&lt;/field_length&gt;&lt;/AddField&gt;&lt;/workflow&gt;&lt;workflow&gt;&lt;AddField&gt;&lt;field_name&gt;regionNameEn&lt;/field_name&gt;&lt;field_type&gt;TEXT&lt;/field_type&gt;&lt;field_alias&gt;اسم المنطقة باللغة الانجليزية&lt;/field_alias&gt;&lt;field_is_nullable&gt;TRUE&lt;/field_is_nullable&gt;&lt;field_length&gt;100&lt;/field_length&gt;&lt;/AddField&gt;&lt;/workflow&gt;&lt;workflow&gt;&lt;AddField&gt;&lt;field_name&gt;dataSource&lt;/field_name&gt;&lt;field_type&gt;TEXT&lt;/field_type&gt;&lt;field_alias&gt;مصدر البيانات&lt;/field_alias&gt;&lt;field_is_nullable&gt;TRUE&lt;/field_is_nullable&gt;&lt;field_length&gt;100&lt;/field_length&gt;&lt;/AddField&gt;&lt;/workflow&gt;&lt;workflow&gt;&lt;AddField&gt;&lt;field_name&gt;description&lt;/field_name&gt;&lt;field_type&gt;TEXT&lt;/field_type&gt;&lt;field_alias&gt;الوصف&lt;/field_alias&gt;&lt;field_is_nullable&gt;TRUE&lt;/field_is_nullable&gt;&lt;field_length&gt;500&lt;/field_length&gt;&lt;/AddField&gt;&lt;/workflow&gt;&lt;workflow&gt;&lt;AddField&gt;&lt;field_name&gt;officialArea&lt;/field_name&gt;&lt;field_type&gt;DOUBLE&lt;/field_type&gt;&lt;field_alias&gt;المساحة الرسمية كم²&lt;/field_alias&gt;&lt;field_is_nullable&gt;TRUE&lt;/field_is_nullable&gt;&lt;field_length&gt;8&lt;/field_length&gt;&lt;/AddField&gt;&lt;/workflow&gt;&lt;workflow&gt;&lt;AddField&gt;&lt;field_name&gt;areaMeasurement&lt;/field_name&gt;&lt;field_type&gt;DOUBLE&lt;/field_type&gt;&lt;field_alias&gt;المساحة المحسوبة_كم2&lt;/field_alias&gt;&lt;field_is_nullable&gt;TRUE&lt;/field_is_nullable&gt;&lt;field_length&gt;8&lt;/field_length&gt;&lt;/AddField&gt;&lt;/workflow&gt;&lt;workflow&gt;&lt;AddField&gt;&lt;field_name&gt;CREATED_USER&lt;/field_name&gt;&lt;field_type&gt;TEXT&lt;/field_type&gt;&lt;field_alias&gt;إسم منشأ البيانات&lt;/field_alias&gt;&lt;field_is_nullable&gt;TRUE&lt;/field_is_nullable&gt;&lt;field_length&gt;255&lt;/field_length&gt;&lt;/AddField&gt;&lt;/workflow&gt;&lt;workflow&gt;&lt;AddField&gt;&lt;field_name&gt;CREATED_DATE&lt;/field_name&gt;&lt;field_type&gt;DATE&lt;/field_type&gt;&lt;field_alias&gt;تاريخ الإنشاء&lt;/field_alias&gt;&lt;field_is_nullable&gt;TRUE&lt;/field_is_nullable&gt;&lt;field_length&gt;8&lt;/field_length&gt;&lt;/AddField&gt;&lt;/workflow&gt;&lt;workflow&gt;&lt;AddField&gt;&lt;field_name&gt;LAST_EDITED_USER&lt;/field_name&gt;&lt;field_type&gt;TEXT&lt;/field_type&gt;&lt;field_alias&gt;آخرمستخدم&lt;/field_alias&gt;&lt;field_is_nullable&gt;TRUE&lt;/field_is_nullable&gt;&lt;field_length&gt;255&lt;/field_length&gt;&lt;/AddField&gt;&lt;/workflow&gt;&lt;workflow&gt;&lt;AddField&gt;&lt;field_name&gt;LAST_EDITED_DATE&lt;/field_name&gt;&lt;field_type&gt;DATE&lt;/field_type&gt;&lt;field_alias&gt;تاريخ التعديل&lt;/field_alias&gt;&lt;field_is_nullable&gt;TRUE&lt;/field_is_nullable&gt;&lt;field_length&gt;8&lt;/field_length&gt;&lt;/AddField&gt;&lt;/workflow&gt;&lt;/operationSequence&gt;"</Process><Process ToolSource="c:\program files\arcgis\pro\Resources\ArcToolbox\toolboxes\Data Management Tools.tbx\UpdateSchema" Date="20250428" Time="125749">UpdateSchema "D:\Projects\Albaha BSO Projects\Load Data\BSO_Data v0.3 2025-04-24 UTM37.gdb\regionKSA" &lt;operationSequence&gt;&lt;workflow&gt;&lt;AlterField&gt;&lt;field_name&gt;OBJECTID&lt;/field_name&gt;&lt;field_alias&gt;OBJECTID&lt;/field_alias&gt;&lt;/AlterField&gt;&lt;/workflow&gt;&lt;workflow&gt;&lt;AlterField&gt;&lt;field_name&gt;SHAPE&lt;/field_name&gt;&lt;field_alias&gt;SHAPE&lt;/field_alias&gt;&lt;/AlterField&gt;&lt;/workflow&gt;&lt;/operationSequence&gt;</Process><Process ToolSource="c:\program files\arcgis\pro\Resources\ArcToolbox\toolboxes\Data Management Tools.tbx\Append" Date="20250428" Time="125948">Append 'D:\Projects\Albaha BSO Projects\Data Inventory\SHP\BDN_Boundaries\BDN_Provinces.shp' "D:\Projects\Albaha BSO Projects\Load Data\BSO_Data v0.3 2025-04-24 UTM37.gdb\regionKSA" NO_TEST "regoinId "رقم مميز المنطقة" true true false 255 Text 0 0,First,#;regionCode "كود المنطقة" true true false 100 Text 0 0,First,#;regionNameAr "اسم المنطقة باللغة العربية" true true false 50 Text 0 0,First,#;regionNameEn "اسم المنطقة باللغة الانجليزية" true true false 100 Text 0 0,First,#;dataSource "مصدر البيانات" true true false 100 Text 0 0,First,#;description "الوصف" true true false 500 Text 0 0,First,#;officialArea "المساحة الرسمية كم²" true true false 8 Double 0 0,First,#;areaMeasurement "المساحة المحسوبة_كم2" true true false 8 Double 0 0,First,#;CREATED_USER "إسم منشأ البيانات" true true false 255 Text 0 0,First,#;CREATED_DATE "تاريخ الإنشاء" true true false 8 Date 0 0,First,#;LAST_EDITED_USER "آخرمستخدم" true true false 255 Text 0 0,First,#;LAST_EDITED_DATE "تاريخ التعديل" true true false 8 Date 0 0,First,#" # # # NOT_UPDATE_GEOMETRY NO_ENFORCE_DOMAINS</Process><Process ToolSource="c:\program files\arcgis\pro\Resources\ArcToolbox\toolboxes\Data Management Tools.tbx\CalculateField" Date="20250428" Time="130205">CalculateField "مناطق المملكة العربية السعودية" dataSource "المخطط الإقليمي" PYTHON3 # TEXT NO_ENFORCE_DOMAINS</Process><Process ToolSource="c:\program files\arcgis\pro\Resources\ArcToolbox\toolboxes\Data Management Tools.tbx\CalculateGeometryAttributes" Date="20250428" Time="130227">CalculateGeometryAttributes "مناطق المملكة العربية السعودية" "areaMeasurement AREA_GEODESIC" # SQUARE_KILOMETERS # SAME_AS_INPUT</Process><Process ToolSource="c:\program files\arcgis\pro\Resources\ArcToolbox\Toolboxes\Data Management Tools.tbx\CopyMultiple" Date="20250429" Time="080704">CopyMultiple "'D:\Projects\Albaha BSO Projects\Load Data\BSO_Data v0.3 2025-04-24 UTM37.gdb\regionKSA' FeatureClass" "D:\Projects\Albaha BSO Projects\Load Data\Test\BSO_Data v0.6 2025-04-29 UTM37.gdb" regionKSA "regionKSA FeatureClass regionKSA #"</Process><Process ToolSource="c:\program files\arcgis\pro\Resources\ArcToolbox\toolboxes\Data Management Tools.tbx\AddField" Date="20250512" Time="143759">AddField "مناطق المملكة العربية السعودية" dataProvider TEXT # # # "مزود البيانات" NULLABLE NON_REQUIRED #</Process><Process ToolSource="c:\program files\arcgis\pro\Resources\ArcToolbox\toolboxes\Data Management Tools.tbx\AddField" Date="20250512" Time="143832">AddField "مناطق المملكة العربية السعودية" layerNameDataProvider TEXT # # # "اسم الطبقة من مزود البيانات" NULLABLE NON_REQUIRED #</Process><Process ToolSource="c:\program files\arcgis\pro\Resources\ArcToolbox\toolboxes\Data Management Tools.tbx\CalculateField" Date="20250512" Time="143846">CalculateField "مناطق المملكة العربية السعودية" dataProvider !dataSource! PYTHON3 # TEXT NO_ENFORCE_DOMAINS</Process><Process ToolSource="c:\program files\arcgis\pro\Resources\ArcToolbox\toolboxes\Data Management Tools.tbx\CalculateField" Date="20250529" Time="153346">CalculateField "مناطق المملكة العربية السعودية" layerNameDataProvider "BDN_Provinces.shp" PYTHON3 # TEXT NO_ENFORCE_DOMAINS</Process><Process Name="Add Field" ToolSource="c:\program files\arcgis\pro\Resources\ArcToolbox\toolboxes\Data Management Tools.tbx\AddField" Date="20250616" Time="113449">AddField "مناطق المملكة العربية السعودية" lastUpdatedDate DATE # # # "تاريخ اخر تحديث من المصدر" NULLABLE NON_REQUIRED #</Process><Process ToolSource="c:\program files\arcgis\pro\Resources\ArcToolbox\toolboxes\Conversion Tools.tbx\ExportFeatures" Date="20250624" Time="155426">ExportFeatures "منطقة الباحة" "D:\Projects\Albaha BSO Projects\حدود منطقة الباحة\حدود_منطقة_الباحة.shp" # NOT_USE_ALIAS "regionNameAr "اسم المنطقة باللغة العربية" true true false 50 Text 0 0,First,#,منطقة الباحة,regionNameAr,0,49;regionNameEn "اسم المنطقة باللغة الانجليزية" true true false 100 Text 0 0,First,#,منطقة الباحة,regionNameEn,0,99;Shape_Length "Shape_Length" false true true 8 Double 0 0,First,#,منطقة الباحة,Shape_Length,-1,-1;Shape_Area "Shape_Area" false true true 8 Double 0 0,First,#,منطقة الباحة,Shape_Area,-1,-1" #</Process></lineage><itemProps><itemLocation><linkage Sync="TRUE">file://\\DESKTOP-3UM0J76\D$\Projects\Albaha BSO Projects\حدود منطقة الباحة\حدود_منطقة_الباحة.shp</linkage><protocol Sync="TRUE">Local Area Network</protocol></itemLocation><itemName Sync="TRUE">حدود_منطقة_الباحة</itemName><imsContentType Sync="TRUE">002</imsContentType><itemSize Sync="TRUE">0.000</itemSize></itemProps><coordRef><type Sync="TRUE">Geographic</type><geogcsn Sync="TRUE">GCS_WGS_1984</geogcsn><csUnits Sync="TRUE">Angular Unit: Degree (0.017453)</csUnits><peXml Sync="TRUE">&lt;GeographicCoordinateSystem xsi:type='typens:GeographicCoordinateSystem' xmlns:xsi='http://www.w3.org/2001/XMLSchema-instance' xmlns:xs='http://www.w3.org/2001/XMLSchema' xmlns:typens='http://www.esri.com/schemas/ArcGIS/3.5.0'&gt;&lt;WKT&gt;GEOGCS[&amp;quot;GCS_WGS_1984&amp;quot;,DATUM[&amp;quot;D_WGS_1984&amp;quot;,SPHEROID[&amp;quot;WGS_1984&amp;quot;,6378137.0,298.257223563]],PRIMEM[&amp;quot;Greenwich&amp;quot;,0.0],UNIT[&amp;quot;Degree&amp;quot;,0.0174532925199433],AUTHORITY[&amp;quot;EPSG&amp;quot;,4326]]&lt;/WKT&gt;&lt;XOrigin&gt;-400&lt;/XOrigin&gt;&lt;YOrigin&gt;-400&lt;/YOrigin&gt;&lt;XYScale&gt;11258999068426.238&lt;/XYScale&gt;&lt;ZOrigin&gt;-100000&lt;/ZOrigin&gt;&lt;ZScale&gt;10000&lt;/ZScale&gt;&lt;MOrigin&gt;-100000&lt;/MOrigin&gt;&lt;MScale&gt;10000&lt;/MScale&gt;&lt;XYTolerance&gt;8.983152841195215e-09&lt;/XYTolerance&gt;&lt;ZTolerance&gt;0.001&lt;/ZTolerance&gt;&lt;MTolerance&gt;0.001&lt;/MTolerance&gt;&lt;HighPrecision&gt;true&lt;/HighPrecision&gt;&lt;LeftLongitude&gt;-180&lt;/LeftLongitude&gt;&lt;WKID&gt;4326&lt;/WKID&gt;&lt;LatestWKID&gt;4326&lt;/LatestWKID&gt;&lt;/GeographicCoordinateSystem&gt;</peXml></coordRef></DataProperties><SyncDate>20250624</SyncDate><SyncTime>15542600</SyncTime><ModDate>20250624</ModDate><ModTime>15542600</ModTime></Esri><dataIdInfo><envirDesc Sync="TRUE">Microsoft Windows 10 Version 10.0 (Build 26100) ; Esri ArcGIS 13.5.0.57366</envirDesc><dataLang><languageCode value="eng" Sync="TRUE"></languageCode><countryCode value="USA" Sync="TRUE"></countryCode></dataLang><idCitation><resTitle Sync="TRUE">حدود_منطقة_الباحة</resTitle><presForm><PresFormCd value="005" Sync="TRUE"></PresFormCd></presForm></idCitation><spatRpType><SpatRepTypCd value="001" Sync="TRUE"></SpatRepTypCd></spatRpType></dataIdInfo><mdLang><languageCode value="eng" Sync="TRUE"></languageCode><countryCode value="USA" Sync="TRUE"></countryCode></mdLang><distInfo><distFormat><formatName Sync="TRUE">Shapefile</formatName></distFormat><distTranOps><transSize Sync="TRUE">0.000</transSize></distTranOps></distInfo><mdHrLv><ScopeCd value="005" Sync="TRUE"></ScopeCd></mdHrLv><mdHrLvName Sync="TRUE">dataset</mdHrLvName><refSysInfo><RefSystem><refSysID><identCode code="4326" Sync="TRUE"></identCode><idCodeSpace Sync="TRUE">EPSG</idCodeSpace><idVersion Sync="TRUE">6.2(3.0.1)</idVersion></refSysID></RefSystem></refSysInfo><spatRepInfo><VectSpatRep><geometObjs Name="حدود_منطقة_الباحة"><geoObjTyp><GeoObjTypCd value="002" Sync="TRUE"></GeoObjTypCd></geoObjTyp><geoObjCnt Sync="TRUE">0</geoObjCnt></geometObjs><topLvl><TopoLevCd value="001" Sync="TRUE"></TopoLevCd></topLvl></VectSpatRep></spatRepInfo><spdoinfo><ptvctinf><esriterm Name="حدود_منطقة_الباحة"><efeatyp Sync="TRUE">Simple</efeatyp><efeageom code="4" Sync="TRUE"></efeageom><esritopo Sync="TRUE">FALSE</esritopo><efeacnt Sync="TRUE">0</efeacnt><spindex Sync="TRUE">FALSE</spindex><linrefer Sync="TRUE">TRUE</linrefer></esriterm></ptvctinf></spdoinfo><eainfo><detailed Name="حدود_منطقة_الباحة"><enttyp><enttypl Sync="TRUE">حدود_منطقة_الباحة</enttypl><enttypt Sync="TRUE">Feature Class</enttypt><enttypc Sync="TRUE">0</enttypc></enttyp><attr><attrlabl Sync="TRUE">FID</attrlabl><attalias Sync="TRUE">FID</attalias><attrtype Sync="TRUE">OID</attrtype><attwidth Sync="TRUE">4</attwidth><atprecis Sync="TRUE">0</atprecis><attscale Sync="TRUE">0</attscale><attrdef Sync="TRUE">Internal feature number.</attrdef><attrdefs Sync="TRUE">Esri</attrdefs><attrdomv><udom Sync="TRUE">Sequential unique whole numbers that are automatically generated.</udom></attrdomv></attr><attr><attrlabl Sync="TRUE">Shape</attrlabl><attalias Sync="TRUE">Shape</attalias><attrtype Sync="TRUE">Geometry</attrtype><attwidth Sync="TRUE">0</attwidth><atprecis Sync="TRUE">0</atprecis><attscale Sync="TRUE">0</attscale><attrdef Sync="TRUE">Feature geometry.</attrdef><attrdefs Sync="TRUE">Esri</attrdefs><attrdomv><udom Sync="TRUE">Coordinates defining the features.</udom></attrdomv></attr><attr><attrlabl Sync="TRUE">regionName</attrlabl><attalias Sync="TRUE">regionName</attalias><attrtype Sync="TRUE">String</attrtype><attwidth Sync="TRUE">50</attwidth><atprecis Sync="TRUE">0</atprecis><attscale Sync="TRUE">0</attscale></attr><attr><attrlabl Sync="TRUE">regionNa_1</attrlabl><attalias Sync="TRUE">regionNa_1</attalias><attrtype Sync="TRUE">String</attrtype><attwidth Sync="TRUE">100</attwidth><atprecis Sync="TRUE">0</atprecis><attscale Sync="TRUE">0</attscale></attr><attr><attrlabl Sync="TRUE">Shape_Leng</attrlabl><attalias Sync="TRUE">Shape_Leng</attalias><attrtype Sync="TRUE">Double</attrtype><attwidth Sync="TRUE">19</attwidth><atprecis Sync="TRUE">0</atprecis><attscale Sync="TRUE">0</attscale></attr><attr><attrlabl Sync="TRUE">Shape_Area</attrlabl><attalias Sync="TRUE">Shape_Area</attalias><attrtype Sync="TRUE">Double</attrtype><attwidth Sync="TRUE">19</attwidth><atprecis Sync="TRUE">0</atprecis><attscale Sync="TRUE">0</attscale><attrdef Sync="TRUE">Area of feature in internal units squared.</attrdef><attrdefs Sync="TRUE">Esri</attrdefs><attrdomv><udom Sync="TRUE">Positive real numbers that are automatically generated.</udom></attrdomv></attr></detailed></eainfo><mdDateSt Sync="TRUE">20250624</mdDateSt></metadata>
